ID,NAME,RANK,ARTICLE,COUNTRY
1,2,3,4,56,William,5532,1,UAE
6,William,5532,1,UAE
6,William,5532,1,UAE
6,William,5532,1,UAE
6,William,5532,1,UAE
6,William,5532,1,UAE
6,William,5532,1,UAE
6,William,5532,1,UAE
6,William,5532,1,UAE
6,William,5532,1,UAE
6,William,5532,1,UAE
6,William,5532,1,UAE
6,William,5532,1,UAE
5,William,5532,1,UAE
5,William,5532,1,UAE
5,William,5532,1,UAE
5,William,5532,1,UAE
5,William,5532,1,UAE
5,William,5532,1,UAE
5,William,5532,1,UAE
5,William,5532,1,UAE
5,William,5532,1,UAE
5,William,5532,1,UAE
5,William,5532,1,UAE
5,William,5532,1,UAE
5,William,5532,1,UAE
5,William,5532,1,UAE
